,Nodes,Edges,NetX (numpy),NetX (scipy),iGraph,(fast) pagerank,(fast) pagerank_power
0,438,22897,0.45721185340007653,0.0696922966002603,0.0025469674001215026,0.0,0.0012195917999633821
1,882,126738,1.7809234308002488,0.322578065199923,0.014177374800055986,0.0,0.0024313311998412244
2,1074,358637,2.5847021016001235,0.8742939974003093,0.04218806919998315,0.0,0.005061241399744176
3,1746,598892,7.7944522062000035,1.4566543372002343,0.09076133140006278,0.0,0.009213939199980814
4,1561,784212,6.76973773819991,1.9420079687999532,0.13408103860019766,0.0,0.010643947000062326
