,Nodes,Edges,NetX (numpy),NetX (scipy),iGraph,fast pagerank_power
0,127,7293,0.026332188499509357,0.019761085000936873,0.0004487945006985683,0.0007891639979789034
1,151,9726,0.053306354500819,0.02849809149847715,0.0010077789993374608,0.0008743300022615585
2,274,15356,0.2245304229982139,0.041509496499202214,0.001654778498050291,0.000991474498732714
3,238,15579,0.15925244499885594,0.04164334350207355,0.0016385525013902225,0.0010030759985966142
4,238,20205,0.1652474020011141,0.05569554349858663,0.0021955039992462844,0.0009747515032358933
5,321,26926,0.33727743349663797,0.07352909649853245,0.0030265985005826224,0.001277825500437757
6,308,32034,0.29634988050020183,0.08712545750313438,0.0035566314982133918,0.0011959479998040479
7,433,66379,0.7407926224987023,0.17959414199867751,0.008136788001138484,0.0017159449998871423
